SourceFile,FileName,CreateDate,GPSPosition,UserComment
D:/Data/20220926_110900_Jl.-A-jawo-0+000.JPG,20220926_110900_Jl.-A-jawo-0+000.JPG,2022:09:26 11:09:00,"5 deg 32' 37.57"" N, 95 deg 19' 27.85"" E","Jl. A jawo
0+000"
D:/Data/20220926_110924_Jl.-A-jawo-0+100.JPG,20220926_110924_Jl.-A-jawo-0+100.JPG,2022:09:26 11:09:24,"5 deg 32' 34.82"" N, 95 deg 19' 27.93"" E","Jl. A jawo
0+100"
D:/Data/20220926_110947_Jl.-A-jawo-0+200.JPG,20220926_110947_Jl.-A-jawo-0+200.JPG,2022:09:26 11:09:47,"5 deg 32' 31.85"" N, 95 deg 19' 27.74"" E","Jl. A jawo
0+200"
D:/Data/20220926_111018_Jl.-A-jawo-0+300.JPG,20220926_111018_Jl.-A-jawo-0+300.JPG,2022:09:26 11:10:18,"5 deg 32' 27.73"" N, 95 deg 19' 28.15"" E","Jl. A jawo
0+300"
D:/Data/20220926_111034_Jl.-A-jawo-0+400.JPG,20220926_111034_Jl.-A-jawo-0+400.JPG,2022:09:26 11:10:34,"5 deg 32' 25.15"" N, 95 deg 19' 28.70"" E","Jl. A jawo
0+400"
D:/Data/20220926_111054_Jl.-A-jawo-0+500.JPG,20220926_111054_Jl.-A-jawo-0+500.JPG,2022:09:26 11:10:54,"5 deg 32' 22.10"" N, 95 deg 19' 29.93"" E","Jl. A jawo
0+500"
D:/Data/20220926_111116_Jl.-A-jawo-0+600.JPG,20220926_111116_Jl.-A-jawo-0+600.JPG,2022:09:26 11:11:16,"5 deg 32' 18.68"" N, 95 deg 19' 30.95"" E","Jl. A jawo
0+600"
D:/Data/20220926_111139_Jl.-A-jawo-0+700.JPG,20220926_111139_Jl.-A-jawo-0+700.JPG,2022:09:26 11:11:39,"5 deg 32' 16.40"" N, 95 deg 19' 31.28"" E","Jl. A jawo
0+700"
D:/Data/20220926_111213_Jl.-A-jawo-0+800.JPG,20220926_111213_Jl.-A-jawo-0+800.JPG,2022:09:26 11:12:13,"5 deg 32' 15.29"" N, 95 deg 19' 28.48"" E","Jl. A jawo
0+800"
D:/Data/20220926_111242_Jl.-A-jawo-0+900.JPG,20220926_111242_Jl.-A-jawo-0+900.JPG,2022:09:26 11:12:42,"5 deg 32' 12.03"" N, 95 deg 19' 27.88"" E","Jl. A jawo
0+900"
D:/Data/20220926_111354_Jl.-A-jawo-1+000.JPG,20220926_111354_Jl.-A-jawo-1+000.JPG,2022:09:26 11:13:54,"5 deg 32' 9.32"" N, 95 deg 19' 29.25"" E","Jl. A jawo
1+000"
D:/Data/20220926_111419_Jl.-A-jawo-1+100.JPG,20220926_111419_Jl.-A-jawo-1+100.JPG,2022:09:26 11:14:19,"5 deg 32' 6.62"" N, 95 deg 19' 29.25"" E","Jl. A jawo
1+100"
D:/Data/20220926_111504_Jl.-A-jawo-1+200.JPG,20220926_111504_Jl.-A-jawo-1+200.JPG,2022:09:26 11:15:04,"5 deg 32' 6.06"" N, 95 deg 19' 26.14"" E","Jl. A jawo
1+200"
D:/Data/20220926_111530_Jl.-A-jawo-1+300.JPG,20220926_111530_Jl.-A-jawo-1+300.JPG,2022:09:26 11:15:30,"5 deg 32' 2.91"" N, 95 deg 19' 25.10"" E","Jl. A jawo
1+300"
D:/Data/20220926_111553_Jl.-A-jawo-1+350.JPG,20220926_111553_Jl.-A-jawo-1+350.JPG,2022:09:26 11:15:53,"5 deg 32' 2.73"" N, 95 deg 19' 23.65"" E","Jl. A jawo
1+350"
D:/Data/20220926_112924_Jl.-Rumoh-aceh-0+000.JPG,20220926_112924_Jl.-Rumoh-aceh-0+000.JPG,2022:09:26 11:29:24,"5 deg 32' 52.94"" N, 95 deg 19' 25.76"" E","Jl. Rumoh aceh
0+000"
D:/Data/20220926_112947_Jl.-Rumoh-aceh-0+050.JPG,20220926_112947_Jl.-Rumoh-aceh-0+050.JPG,2022:09:26 11:29:47,"5 deg 32' 52.89"" N, 95 deg 19' 23.29"" E","Jl. Rumoh aceh
0+050"
D:/Data/20220926_113002_Jl.-Rumoh-aceh-0+100.JPG,20220926_113002_Jl.-Rumoh-aceh-0+100.JPG,2022:09:26 11:30:02,"5 deg 32' 53.75"" N, 95 deg 19' 22.41"" E","Jl. Rumoh aceh
0+100"
D:/Data/20220926_113017_Jl.-Rumoh-aceh-0+150.JPG,20220926_113017_Jl.-Rumoh-aceh-0+150.JPG,2022:09:26 11:30:17,"5 deg 32' 53.99"" N, 95 deg 19' 20.51"" E","Jl. Rumoh aceh
0+150"
D:/Data/20220926_113026_Jl.-Rumoh-aceh-0+200.JPG,20220926_113026_Jl.-Rumoh-aceh-0+200.JPG,2022:09:26 11:30:26,"5 deg 32' 54.20"" N, 95 deg 19' 19.63"" E","Jl. Rumoh aceh
0+200"
D:/Data/20220926_113045_Jl.-Rumoh-aceh-0+255.JPG,20220926_113045_Jl.-Rumoh-aceh-0+255.JPG,2022:09:26 11:30:45,"5 deg 32' 54.51"" N, 95 deg 19' 18.10"" E","Jl. Rumoh aceh
0+255"
D:/Data/20220926_113553_Jl.-Sulaiman-daud-0+000.JPG,20220926_113553_Jl.-Sulaiman-daud-0+000.JPG,2022:09:26 11:35:53,"5 deg 32' 45.37"" N, 95 deg 19' 12.66"" E","Jl. Sulaiman daud
0+000"
D:/Data/20220926_113627_Jl.-Sulaiman-daud-0+100.JPG,20220926_113627_Jl.-Sulaiman-daud-0+100.JPG,2022:09:26 11:36:27,"5 deg 32' 45.35"" N, 95 deg 19' 16.91"" E","Jl. Sulaiman daud
0+100"
D:/Data/20220926_113641_Jl.-Sulaiman-daud-0+150.JPG,20220926_113641_Jl.-Sulaiman-daud-0+150.JPG,2022:09:26 11:36:41,"5 deg 32' 45.55"" N, 95 deg 19' 18.01"" E","Jl. Sulaiman daud
0+150"
D:/Data/20220926_113654_Jl.-Sulaiman-daud-0+200.JPG,20220926_113654_Jl.-Sulaiman-daud-0+200.JPG,2022:09:26 11:36:54,"5 deg 32' 45.92"" N, 95 deg 19' 19.58"" E","Jl. Sulaiman daud
0+200"
D:/Data/20220926_113707_Jl.-Sulaiman-daud-0+250.JPG,20220926_113707_Jl.-Sulaiman-daud-0+250.JPG,2022:09:26 11:37:07,"5 deg 32' 45.98"" N, 95 deg 19' 21.53"" E","Jl. Sulaiman daud
0+250"
D:/Data/20220926_113718_Jl.-Sulaiman-daud-0+300.JPG,20220926_113718_Jl.-Sulaiman-daud-0+300.JPG,2022:09:26 11:37:18,"5 deg 32' 45.83"" N, 95 deg 19' 22.76"" E","Jl. Sulaiman daud
0+300"
D:/Data/20220926_113739_Jl.-Sulaiman-daud-0+370.JPG,20220926_113739_Jl.-Sulaiman-daud-0+370.JPG,2022:09:26 11:37:39,"5 deg 32' 45.68"" N, 95 deg 19' 24.69"" E","Jl. Sulaiman daud
0+370"
D:/Data/20220926_114021_Jl.-Abu-syeh-saman-0+000.JPG,20220926_114021_Jl.-Abu-syeh-saman-0+000.JPG,2022:09:26 11:40:21,"5 deg 32' 58.07"" N, 95 deg 19' 26.50"" E","Jl. Abu syeh saman
0+000"
D:/Data/20220926_114048_Jl.-Abu-syeh-saman-0+050.JPG,20220926_114048_Jl.-Abu-syeh-saman-0+050.JPG,2022:09:26 11:40:48,"5 deg 32' 58.44"" N, 95 deg 19' 24.33"" E","Jl. Abu syeh saman
0+050"
D:/Data/20220926_114118_Jl.-Abu-syeh-saman-0+100.JPG,20220926_114118_Jl.-Abu-syeh-saman-0+100.JPG,2022:09:26 11:41:18,"5 deg 32' 58.49"" N, 95 deg 19' 23.56"" E","Jl. Abu syeh saman
0+100"
D:/Data/20220926_114154_Jl.-Abu-syeh-saman-0+150.JPG,20220926_114154_Jl.-Abu-syeh-saman-0+150.JPG,2022:09:26 11:41:54,"5 deg 32' 58.69"" N, 95 deg 19' 22.57"" E","Jl. Abu syeh saman
0+150"
D:/Data/20220926_114302_Jl.-Abu-syeh-saman-0+200.JPG,20220926_114302_Jl.-Abu-syeh-saman-0+200.JPG,2022:09:26 11:43:02,"5 deg 32' 58.33"" N, 95 deg 19' 21.12"" E","Jl. Abu syeh saman
0+200"
D:/Data/20220926_114316_Jl.-Abu-syeh-saman-0+250.JPG,20220926_114316_Jl.-Abu-syeh-saman-0+250.JPG,2022:09:26 11:43:16,"5 deg 32' 59.05"" N, 95 deg 19' 20.18"" E","Jl. Abu syeh saman
0+250"
D:/Data/20220926_114331_Jl.-Abu-syeh-saman-0+300.JPG,20220926_114331_Jl.-Abu-syeh-saman-0+300.JPG,2022:09:26 11:43:31,"5 deg 32' 58.88"" N, 95 deg 19' 18.43"" E","Jl. Abu syeh saman
0+300"
D:/Data/20220926_114358_Jl.-Abu-syeh-saman-0+350.JPG,20220926_114358_Jl.-Abu-syeh-saman-0+350.JPG,2022:09:26 11:43:58,"5 deg 32' 59.01"" N, 95 deg 19' 15.90"" E","Jl. Abu syeh saman
0+350"
D:/Data/20220926_114413_Jl.-Abu-syeh-saman-0+400.JPG,20220926_114413_Jl.-Abu-syeh-saman-0+400.JPG,2022:09:26 11:44:13,"5 deg 32' 59.04"" N, 95 deg 19' 15.65"" E","Jl. Abu syeh saman
0+400"
D:/Data/20220926_114429_Jl.-Abu-syeh-saman-0+450.JPG,20220926_114429_Jl.-Abu-syeh-saman-0+450.JPG,2022:09:26 11:44:29,"5 deg 33' 1.25"" N, 95 deg 19' 15.35"" E","Jl. Abu syeh saman
0+450"
D:/Data/20220926_114445_Jl.-Abu-syeh-saman-0+500.JPG,20220926_114445_Jl.-Abu-syeh-saman-0+500.JPG,2022:09:26 11:44:45,"5 deg 33' 2.38"" N, 95 deg 19' 15.10"" E","Jl. Abu syeh saman
0+500"
D:/Data/20220926_114516_Jl.-Abu-syeh-saman-0+550.JPG,20220926_114516_Jl.-Abu-syeh-saman-0+550.JPG,2022:09:26 11:45:16,"5 deg 33' 2.69"" N, 95 deg 19' 14.63"" E","Jl. Abu syeh saman
0+550"
D:/Data/20220926_114909_Jl.-Japakeh-0+000.JPG,20220926_114909_Jl.-Japakeh-0+000.JPG,2022:09:26 11:49:09,"5 deg 32' 50.87"" N, 95 deg 19' 11.23"" E","Jl. Japakeh
0+000"
D:/Data/20220926_114921_Jl.-Japakeh-0+050.JPG,20220926_114921_Jl.-Japakeh-0+050.JPG,2022:09:26 11:49:21,"5 deg 32' 48.57"" N, 95 deg 19' 10.68"" E","Jl. Japakeh
0+050"
D:/Data/20220926_114942_Jl.-Japakeh-0+145.JPG,20220926_114942_Jl.-Japakeh-0+145.JPG,2022:09:26 11:49:42,"5 deg 32' 45.73"" N, 95 deg 19' 10.46"" E","Jl. Japakeh
0+145"
D:/Data/20220926_115216_Jl.-Utama-0+000.JPG,20220926_115216_Jl.-Utama-0+000.JPG,2022:09:26 11:52:16,"5 deg 32' 36.07"" N, 95 deg 19' 16.58"" E","Jl. Utama
0+000"
D:/Data/20220926_115233_Jl.-Utama-0+050.JPG,20220926_115233_Jl.-Utama-0+050.JPG,2022:09:26 11:52:33,"5 deg 32' 38.18"" N, 95 deg 19' 16.81"" E","Jl. Utama
0+050"
D:/Data/20220926_115246_Jl.-Utama-0+100.JPG,20220926_115246_Jl.-Utama-0+100.JPG,2022:09:26 11:52:46,"5 deg 32' 39.59"" N, 95 deg 19' 16.97"" E","Jl. Utama
0+100"
D:/Data/20220926_115307_Jl.-Utama-0+150.JPG,20220926_115307_Jl.-Utama-0+150.JPG,2022:09:26 11:53:07,"5 deg 32' 40.96"" N, 95 deg 19' 16.81"" E","Jl. Utama
0+150"
D:/Data/20220926_115328_Jl.-Utama-0+200.JPG,20220926_115328_Jl.-Utama-0+200.JPG,2022:09:26 11:53:28,"5 deg 32' 41.11"" N, 95 deg 19' 15.71"" E","Jl. Utama
0+200"
D:/Data/20220926_115342_Jl.-Utama-0+250.JPG,20220926_115342_Jl.-Utama-0+250.JPG,2022:09:26 11:53:42,"5 deg 32' 41.64"" N, 95 deg 19' 13.90"" E","Jl. Utama
0+250"
D:/Data/20220926_115401_Jl.-Utama-0+290.JPG,20220926_115401_Jl.-Utama-0+290.JPG,2022:09:26 11:54:01,"5 deg 32' 41.80"" N, 95 deg 19' 12.88"" E","Jl. Utama
0+290"
D:/Data/20220926_115756_Jl.-Nyak-ada-kamil-l-0+000.JPG,20220926_115756_Jl.-Nyak-ada-kamil-l-0+000.JPG,2022:09:26 11:57:56,"5 deg 32' 47.03"" N, 95 deg 19' 1.18"" E","Jl. Nyak ada kamil l
0+000"
D:/Data/20220926_115810_Jl.-Nyak-ada-kamil-l-0+050.JPG,20220926_115810_Jl.-Nyak-ada-kamil-l-0+050.JPG,2022:09:26 11:58:10,"5 deg 32' 45.79"" N, 95 deg 19' 3.51"" E","Jl. Nyak ada kamil l
0+050"
D:/Data/20220926_115820_Jl.-Nyak-ada-kamil-l-0+100.JPG,20220926_115820_Jl.-Nyak-ada-kamil-l-0+100.JPG,2022:09:26 11:58:20,"5 deg 32' 45.64"" N, 95 deg 19' 5.00"" E","Jl. Nyak ada kamil l
0+100"
D:/Data/20220926_115830_Jl.-Nyak-ada-kamil-l-0+200.JPG,20220926_115830_Jl.-Nyak-ada-kamil-l-0+200.JPG,2022:09:26 11:58:30,"5 deg 32' 45.59"" N, 95 deg 19' 6.12"" E","Jl. Nyak ada kamil l
0+200"
D:/Data/20220926_115852_Jl.-Nyak-ada-kamil-l-0+300.JPG,20220926_115852_Jl.-Nyak-ada-kamil-l-0+300.JPG,2022:09:26 11:58:52,"5 deg 32' 45.47"" N, 95 deg 19' 9.94"" E","Jl. Nyak ada kamil l
0+300"
D:/Data/20220926_115907_Jl.-Nyak-ada-kamil-l-0+350.JPG,20220926_115907_Jl.-Nyak-ada-kamil-l-0+350.JPG,2022:09:26 11:59:07,"5 deg 32' 45.37"" N, 95 deg 19' 11.92"" E","Jl. Nyak ada kamil l
0+350"
D:/Data/20220926_115921_Jl.-Nyak-ada-kamil-lv-0+000.JPG,20220926_115921_Jl.-Nyak-ada-kamil-lv-0+000.JPG,2022:09:26 11:59:21,"5 deg 32' 44.90"" N, 95 deg 19' 12.63"" E","Jl. Nyak ada kamil lv
0+000"
D:/Data/20220926_115939_Jl.-Nyak-ada-kamil-lv-0+050.JPG,20220926_115939_Jl.-Nyak-ada-kamil-lv-0+050.JPG,2022:09:26 11:59:39,"5 deg 32' 43.39"" N, 95 deg 19' 12.55"" E","Jl. Nyak ada kamil lv
0+050"
D:/Data/20220926_115954_Jl.-Nyak-ada-kamil-lv-0+100.JPG,20220926_115954_Jl.-Nyak-ada-kamil-lv-0+100.JPG,2022:09:26 11:59:54,"5 deg 32' 41.35"" N, 95 deg 19' 12.35"" E","Jl. Nyak ada kamil lv
0+100"
D:/Data/20220926_120007_Jl.-Nyak-ada-kamil-lv-0+150.JPG,20220926_120007_Jl.-Nyak-ada-kamil-lv-0+150.JPG,2022:09:26 12:00:07,"5 deg 32' 39.65"" N, 95 deg 19' 12.44"" E","Jl. Nyak ada kamil lv
0+150"
D:/Data/20220926_120020_Jl.-Nyak-ada-kamil-lv-0+200.JPG,20220926_120020_Jl.-Nyak-ada-kamil-lv-0+200.JPG,2022:09:26 12:00:20,"5 deg 32' 37.76"" N, 95 deg 19' 12.38"" E","Jl. Nyak ada kamil lv
0+200"
D:/Data/20220926_120032_Jl.-Nyak-ada-kamil-lv-0+250.JPG,20220926_120032_Jl.-Nyak-ada-kamil-lv-0+250.JPG,2022:09:26 12:00:32,"5 deg 32' 36.64"" N, 95 deg 19' 12.33"" E","Jl. Nyak ada kamil lv
0+250"
D:/Data/20220926_120342_Jl.-Nyak-ada-kamil-lll-0+000.JPG,20220926_120342_Jl.-Nyak-ada-kamil-lll-0+000.JPG,2022:09:26 12:03:42,"5 deg 32' 45.61"" N, 95 deg 19' 2.74"" E","Jl. Nyak ada kamil lll
0+000"
D:/Data/20220926_120353_Jl.-Nyak-ada-kamil-lll-0+050.JPG,20220926_120353_Jl.-Nyak-ada-kamil-lll-0+050.JPG,2022:09:26 12:03:53,"5 deg 32' 44.27"" N, 95 deg 19' 2.33"" E","Jl. Nyak ada kamil lll
0+050"
D:/Data/20220926_120405_Jl.-Nyak-ada-kamil-lll-0+100.JPG,20220926_120405_Jl.-Nyak-ada-kamil-lll-0+100.JPG,2022:09:26 12:04:05,"5 deg 32' 42.28"" N, 95 deg 19' 2.22"" E","Jl. Nyak ada kamil lll
0+100"
D:/Data/20220926_120415_Jl.-Nyak-ada-kamil-lll-0+150.JPG,20220926_120415_Jl.-Nyak-ada-kamil-lll-0+150.JPG,2022:09:26 12:04:15,"5 deg 32' 41.06"" N, 95 deg 19' 2.20"" E","Jl. Nyak ada kamil lll
0+150"
D:/Data/20220926_120425_Jl.-Nyak-ada-kamil-lll-0+200.JPG,20220926_120425_Jl.-Nyak-ada-kamil-lll-0+200.JPG,2022:09:26 12:04:25,"5 deg 32' 39.16"" N, 95 deg 19' 2.14"" E","Jl. Nyak ada kamil lll
0+200"
D:/Data/20220926_120438_Jl.-Nyak-ada-kamil-lll-0+265.JPG,20220926_120438_Jl.-Nyak-ada-kamil-lll-0+265.JPG,2022:09:26 12:04:38,"5 deg 32' 37.42"" N, 95 deg 19' 2.00"" E","Jl. Nyak ada kamil lll
0+265"
D:/Data/20220926_120450_Jl.-Nyak-ada-kamil-ll-0+000.JPG,20220926_120450_Jl.-Nyak-ada-kamil-ll-0+000.JPG,2022:09:26 12:04:50,"5 deg 32' 37.09"" N, 95 deg 19' 1.97"" E","Jl. Nyak ada kamil ll
0+000"
D:/Data/20220926_120512_Jl.-Nyak-ada-kamil-ll-0+100.JPG,20220926_120512_Jl.-Nyak-ada-kamil-ll-0+100.JPG,2022:09:26 12:05:12,"5 deg 32' 36.69"" N, 95 deg 19' 5.51"" E","Jl. Nyak ada kamil ll
0+100"
D:/Data/20220926_120530_Jl.-Nyak-ada-kamil-ll-0+200.JPG,20220926_120530_Jl.-Nyak-ada-kamil-ll-0+200.JPG,2022:09:26 12:05:30,"5 deg 32' 36.52"" N, 95 deg 19' 9.17"" E","Jl. Nyak ada kamil ll
0+200"
D:/Data/20220926_120544_Jl.-Nyak-ada-kamil-ll-0+300.JPG,20220926_120544_Jl.-Nyak-ada-kamil-ll-0+300.JPG,2022:09:26 12:05:44,"5 deg 32' 36.33"" N, 95 deg 19' 12.14"" E","Jl. Nyak ada kamil ll
0+300"
D:/Data/20220926_120602_Jl.-Nyak-ada-kamil-ll-0+400.JPG,20220926_120602_Jl.-Nyak-ada-kamil-ll-0+400.JPG,2022:09:26 12:06:02,"5 deg 32' 36.29"" N, 95 deg 19' 14.56"" E","Jl. Nyak ada kamil ll
0+400"
D:/Data/20220926_120626_Jl.-Nyak-ada-kamil-ll-0+500.JPG,20220926_120626_Jl.-Nyak-ada-kamil-ll-0+500.JPG,2022:09:26 12:06:26,"5 deg 32' 36.11"" N, 95 deg 19' 17.96"" E","Jl. Nyak ada kamil ll
0+500"
D:/Data/20220926_120647_Jl.-Nyak-ada-kamil-ll-0+600.JPG,20220926_120647_Jl.-Nyak-ada-kamil-ll-0+600.JPG,2022:09:26 12:06:47,"5 deg 32' 35.82"" N, 95 deg 19' 19.47"" E","Jl. Nyak ada kamil ll
0+600"
D:/Data/20220926_120701_Jl.-Nyak-ada-kamil-ll-0+700.JPG,20220926_120701_Jl.-Nyak-ada-kamil-ll-0+700.JPG,2022:09:26 12:07:01,"5 deg 32' 35.87"" N, 95 deg 19' 24.00"" E","Jl. Nyak ada kamil ll
0+700"
D:/Data/20220926_121355_Jl.-Baperis-0+000.JPG,20220926_121355_Jl.-Baperis-0+000.JPG,2022:09:26 12:13:55,"5 deg 32' 52.39"" N, 95 deg 19' 16.06"" E","Jl. Baperis
0+000"
D:/Data/20220926_121425_Jl.-Baperis-0+050.JPG,20220926_121425_Jl.-Baperis-0+050.JPG,2022:09:26 12:14:25,"5 deg 32' 50.67"" N, 95 deg 19' 15.98"" E","Jl. Baperis
0+050"
D:/Data/20220926_121436_Jl.-Baperis-0+100.JPG,20220926_121436_Jl.-Baperis-0+100.JPG,2022:09:26 12:14:36,"5 deg 32' 49.51"" N, 95 deg 19' 15.98"" E","Jl. Baperis
0+100"
D:/Data/20220926_121500_Jl.-Baperis-0+150.JPG,20220926_121500_Jl.-Baperis-0+150.JPG,2022:09:26 12:15:00,"5 deg 32' 48.40"" N, 95 deg 19' 15.85"" E","Jl. Baperis
0+150"
D:/Data/20220926_121516_Jl.-Baperis-0+200.JPG,20220926_121516_Jl.-Baperis-0+200.JPG,2022:09:26 12:15:16,"5 deg 32' 46.79"" N, 95 deg 19' 15.71"" E","Jl. Baperis
0+200"
D:/Data/20220926_121557_Jl.-Baperis-0+250.JPG,20220926_121557_Jl.-Baperis-0+250.JPG,2022:09:26 12:15:57,"5 deg 32' 45.44"" N, 95 deg 19' 15.49"" E","Jl. Baperis
0+250"
D:/Data/20220926_121622_Jl.-Baperis-0+300.JPG,20220926_121622_Jl.-Baperis-0+300.JPG,2022:09:26 12:16:22,"5 deg 32' 43.63"" N, 95 deg 19' 15.35"" E","Jl. Baperis
0+300"
D:/Data/20220926_121644_Jl.-Baperis-0+350.JPG,20220926_121644_Jl.-Baperis-0+350.JPG,2022:09:26 12:16:44,"5 deg 32' 41.76"" N, 95 deg 19' 15.24"" E","Jl. Baperis
0+350"
D:/Data/20220928_094518_Jl.-Alueblang-0+000.JPG,20220928_094518_Jl.-Alueblang-0+000.JPG,2022:09:28 09:45:18,"5 deg 32' 6.76"" N, 95 deg 19' 18.95"" E","Jl. Alueblang
0+000"
D:/Data/20220928_094555_Jl.-Alueblang-0+050.JPG,20220928_094555_Jl.-Alueblang-0+050.JPG,2022:09:28 09:45:55,"5 deg 32' 6.64"" N, 95 deg 19' 17.44"" E","Jl. Alueblang
0+050"
D:/Data/20220928_094628_Jl.-Alueblang-0+100.JPG,20220928_094628_Jl.-Alueblang-0+100.JPG,2022:09:28 09:46:28,"5 deg 32' 6.50"" N, 95 deg 19' 16.31"" E","Jl. Alueblang
0+100"
D:/Data/20220928_094713_Jl.-Alueblang-0+150.JPG,20220928_094713_Jl.-Alueblang-0+150.JPG,2022:09:28 09:47:13,"5 deg 32' 6.14"" N, 95 deg 19' 13.78"" E","Jl. Alueblang
0+150"
D:/Data/20220928_094738_Jl.-Alueblang-0+200.JPG,20220928_094738_Jl.-Alueblang-0+200.JPG,2022:09:28 09:47:38,"5 deg 32' 6.19"" N, 95 deg 19' 12.30"" E","Jl. Alueblang
0+200"
D:/Data/20220928_094823_Jl.-Alueblang-0+300.JPG,20220928_094823_Jl.-Alueblang-0+300.JPG,2022:09:28 09:48:23,"5 deg 32' 7.72"" N, 95 deg 19' 10.57"" E","Jl. Alueblang
0+300"
D:/Data/20220928_094846_Jl.-Alueblang-0+350.JPG,20220928_094846_Jl.-Alueblang-0+350.JPG,2022:09:28 09:48:46,"5 deg 32' 8.06"" N, 95 deg 19' 8.95"" E","Jl. Alueblang
0+350"
D:/Data/20220928_094905_Jl.-Alueblang-0+400.JPG,20220928_094905_Jl.-Alueblang-0+400.JPG,2022:09:28 09:49:05,"5 deg 32' 9.53"" N, 95 deg 19' 8.73"" E","Jl. Alueblang
0+400"
D:/Data/20220928_094923_Jl.-Alueblang-0+440.JPG,20220928_094923_Jl.-Alueblang-0+440.JPG,2022:09:28 09:49:23,"5 deg 32' 10.31"" N, 95 deg 19' 8.68"" E","Jl. Alueblang
0+440"
D:/Data/20220928_095425_Jl.-Alueblang-aja-0+000.JPG,20220928_095425_Jl.-Alueblang-aja-0+000.JPG,2022:09:28 09:54:25,"5 deg 32' 8.47"" N, 95 deg 18' 57.06"" E","Jl. Alueblang aja
0+000"
D:/Data/20220928_095445_Jl.-Alueblang-aja-0+050.JPG,20220928_095445_Jl.-Alueblang-aja-0+050.JPG,2022:09:28 09:54:45,"5 deg 32' 9.05"" N, 95 deg 18' 58.82"" E","Jl. Alueblang aja
0+050"
D:/Data/20220928_095458_Jl.-Alueblang-aja-0+100.JPG,20220928_095458_Jl.-Alueblang-aja-0+100.JPG,2022:09:28 09:54:58,"5 deg 32' 9.17"" N, 95 deg 19' 0.44"" E","Jl. Alueblang aja
0+100"
D:/Data/20220928_095514_Jl.-Alueblang-aja-0+150.JPG,20220928_095514_Jl.-Alueblang-aja-0+150.JPG,2022:09:28 09:55:14,"5 deg 32' 9.34"" N, 95 deg 19' 2.25"" E","Jl. Alueblang aja
0+150"
D:/Data/20220928_095517_Jl.-Alueblang-aja-0+150.JPG,20220928_095517_Jl.-Alueblang-aja-0+150.JPG,2022:09:28 09:55:17,"5 deg 32' 9.37"" N, 95 deg 19' 2.66"" E","Jl. Alueblang aja
0+150"
D:/Data/20220928_135350_Jl.-Alueblang-aja-0+000.JPG,20220928_135350_Jl.-Alueblang-aja-0+000.JPG,2022:09:28 13:53:50,"5 deg 32' 9.00"" N, 95 deg 18' 57.58"" E","Jl. Alueblang aja
0+000"
D:/Data/20220928_135403_Jl.-Alueblang-aja-0+050.JPG,20220928_135403_Jl.-Alueblang-aja-0+050.JPG,2022:09:28 13:54:03,"5 deg 32' 8.84"" N, 95 deg 18' 58.21"" E","Jl. Alueblang aja
0+050"
D:/Data/20220928_135422_Jl.-Alueblang-aja-0+50.JPG,20220928_135422_Jl.-Alueblang-aja-0+50.JPG,2022:09:28 13:54:22,"5 deg 32' 9.05"" N, 95 deg 18' 59.34"" E","Jl. Alueblang aja
0+50"
D:/Data/20220928_135432_Jl.-Alueblang-aja-0+100.JPG,20220928_135432_Jl.-Alueblang-aja-0+100.JPG,2022:09:28 13:54:32,"5 deg 32' 9.16"" N, 95 deg 19' 0.44"" E","Jl. Alueblang aja
0+100"
D:/Data/20220928_135451_Jl.-Alueblang-aja-0+150.JPG,20220928_135451_Jl.-Alueblang-aja-0+150.JPG,2022:09:28 13:54:51,"5 deg 32' 9.30"" N, 95 deg 19' 2.25"" E","Jl. Alueblang aja
0+150"
D:/Data/20220928_135506_Jl.-Alueblang-aja-0+200.JPG,20220928_135506_Jl.-Alueblang-aja-0+200.JPG,2022:09:28 13:55:06,"5 deg 32' 9.33"" N, 95 deg 19' 3.65"" E","Jl. Alueblang aja
0+200"
D:/Data/20220928_135525_Jl.-Alueblang-aja-0+250.JPG,20220928_135525_Jl.-Alueblang-aja-0+250.JPG,2022:09:28 13:55:25,"5 deg 32' 9.83"" N, 95 deg 19' 5.30"" E","Jl. Alueblang aja
0+250"
D:/Data/20220928_135539_Jl.-Alueblang-aja-0+300.JPG,20220928_135539_Jl.-Alueblang-aja-0+300.JPG,2022:09:28 13:55:39,"5 deg 32' 10.07"" N, 95 deg 19' 6.86"" E","Jl. Alueblang aja
0+300"
D:/Data/20220928_135601_Jl.-Alueblang-aja-0+350.JPG,20220928_135601_Jl.-Alueblang-aja-0+350.JPG,2022:09:28 13:56:01,"5 deg 32' 10.47"" N, 95 deg 19' 8.26"" E","Jl. Alueblang aja
0+350"
D:/Data/20220928_135945_Jl.-Mawar-0+000.JPG,20220928_135945_Jl.-Mawar-0+000.JPG,2022:09:28 13:59:45,"5 deg 32' 10.33"" N, 95 deg 19' 8.98"" E","Jl. Mawar
0+000"
D:/Data/20220928_140007_Jl.-Mawar-0+050.JPG,20220928_140007_Jl.-Mawar-0+050.JPG,2022:09:28 14:00:07,"5 deg 32' 10.65"" N, 95 deg 19' 10.57"" E","Jl. Mawar
0+050"
D:/Data/20220928_140018_Jl.-Mawar-0+100.JPG,20220928_140018_Jl.-Mawar-0+100.JPG,2022:09:28 14:00:18,"5 deg 32' 11.24"" N, 95 deg 19' 12.14"" E","Jl. Mawar
0+100"
D:/Data/20220928_140035_Jl.-Mawar-0+150.JPG,20220928_140035_Jl.-Mawar-0+150.JPG,2022:09:28 14:00:35,"5 deg 32' 11.78"" N, 95 deg 19' 13.18"" E","Jl. Mawar
0+150"
D:/Data/20220928_140142_Jl.-Mawar-0+200.JPG,20220928_140142_Jl.-Mawar-0+200.JPG,2022:09:28 14:01:42,"5 deg 32' 12.88"" N, 95 deg 19' 13.24"" E","Jl. Mawar
0+200"
D:/Data/20220928_140207_Jl.-Mawar-0+250.JPG,20220928_140207_Jl.-Mawar-0+250.JPG,2022:09:28 14:02:07,"5 deg 32' 14.11"" N, 95 deg 19' 11.83"" E","Jl. Mawar
0+250"
D:/Data/20220928_140236_Jl.-Mawar-0+300.JPG,20220928_140236_Jl.-Mawar-0+300.JPG,2022:09:28 14:02:36,"5 deg 32' 14.63"" N, 95 deg 19' 10.87"" E","Jl. Mawar
0+300"
D:/Data/20220928_140311_Jl.-Mawar-0+350.JPG,20220928_140311_Jl.-Mawar-0+350.JPG,2022:09:28 14:03:11,"5 deg 32' 16.14"" N, 95 deg 19' 10.98"" E","Jl. Mawar
0+350"
D:/Data/20220928_140341_Jl.-Mawar-0+400.JPG,20220928_140341_Jl.-Mawar-0+400.JPG,2022:09:28 14:03:41,"5 deg 32' 17.09"" N, 95 deg 19' 11.59"" E","Jl. Mawar
0+400"
D:/Data/20220928_140401_Jl.-Mawar-0+435.JPG,20220928_140401_Jl.-Mawar-0+435.JPG,2022:09:28 14:04:01,"5 deg 32' 17.87"" N, 95 deg 19' 11.45"" E","Jl. Mawar
0+435"
D:/Data/20220928_140619_Jl.-Melati-0+000.JPG,20220928_140619_Jl.-Melati-0+000.JPG,2022:09:28 14:06:19,"5 deg 32' 23.11"" N, 95 deg 19' 10.96"" E","Jl. Melati
0+000"
D:/Data/20220928_140627_Jl.-Melati-0+000.JPG,20220928_140627_Jl.-Melati-0+000.JPG,2022:09:28 14:06:27,"5 deg 32' 23.11"" N, 95 deg 19' 10.96"" E","Jl. Melati
0+000"
D:/Data/20220928_140657_Jl.-Melati-0+050.JPG,20220928_140657_Jl.-Melati-0+050.JPG,2022:09:28 14:06:57,"5 deg 32' 21.62"" N, 95 deg 19' 10.68"" E","Jl. Melati
0+050"
D:/Data/20220928_140729_Jl.-Melati-0+100.JPG,20220928_140729_Jl.-Melati-0+100.JPG,2022:09:28 14:07:29,"5 deg 32' 20.25"" N, 95 deg 19' 11.29"" E","Jl. Melati
0+100"
D:/Data/20220928_140748_Jl.-Melati-0+150.JPG,20220928_140748_Jl.-Melati-0+150.JPG,2022:09:28 14:07:48,"5 deg 32' 18.19"" N, 95 deg 19' 11.59"" E","Jl. Melati
0+150"
D:/Data/20220928_140844_Jl.-Melati-0+200.JPG,20220928_140844_Jl.-Melati-0+200.JPG,2022:09:28 14:08:44,"5 deg 32' 17.93"" N, 95 deg 19' 10.30"" E","Jl. Melati
0+200"
D:/Data/20220928_140927_Jl.-Melati-0+300.JPG,20220928_140927_Jl.-Melati-0+300.JPG,2022:09:28 14:09:27,"5 deg 32' 17.45"" N, 95 deg 19' 7.82"" E","Jl. Melati
0+300"
D:/Data/20220928_140955_Jl.-Melati-0+350.JPG,20220928_140955_Jl.-Melati-0+350.JPG,2022:09:28 14:09:55,"5 deg 32' 15.28"" N, 95 deg 19' 7.11"" E","Jl. Melati
0+350"
D:/Data/20220928_141031_Jl.-Melati-0+400.JPG,20220928_141031_Jl.-Melati-0+400.JPG,2022:09:28 14:10:31,"5 deg 32' 14.25"" N, 95 deg 19' 7.47"" E","Jl. Melati
0+400"
D:/Data/20220928_141050_Jl.-Melati-0+450.JPG,20220928_141050_Jl.-Melati-0+450.JPG,2022:09:28 14:10:50,"5 deg 32' 12.62"" N, 95 deg 19' 7.93"" E","Jl. Melati
0+450"
D:/Data/20220928_141106_Jl.-Melati-0+500.JPG,20220928_141106_Jl.-Melati-0+500.JPG,2022:09:28 14:11:06,"5 deg 32' 11.27"" N, 95 deg 19' 8.43"" E","Jl. Melati
0+500"
D:/Data/20220928_141123_Jl.-Melati-0+525.JPG,20220928_141123_Jl.-Melati-0+525.JPG,2022:09:28 14:11:23,"5 deg 32' 10.57"" N, 95 deg 19' 8.62"" E","Jl. Melati
0+525"
D:/Data/20220928_141319_Jl.-Dahlia-0+000.JPG,20220928_141319_Jl.-Dahlia-0+000.JPG,2022:09:28 14:13:19,"5 deg 32' 9.47"" N, 95 deg 19' 3.70"" E","Jl. Dahlia
0+000"
D:/Data/20220928_141402_Jl.-Dahlia-0+050.JPG,20220928_141402_Jl.-Dahlia-0+050.JPG,2022:09:28 14:14:02,"5 deg 32' 10.72"" N, 95 deg 19' 3.65"" E","Jl. Dahlia
0+050"
D:/Data/20220928_141423_Jl.-Dahlia-0+100.JPG,20220928_141423_Jl.-Dahlia-0+100.JPG,2022:09:28 14:14:23,"5 deg 32' 12.55"" N, 95 deg 19' 3.89"" E","Jl. Dahlia
0+100"
D:/Data/20220928_141444_Jl.-Dahlia-0+150.JPG,20220928_141444_Jl.-Dahlia-0+150.JPG,2022:09:28 14:14:44,"5 deg 32' 14.04"" N, 95 deg 19' 3.98"" E","Jl. Dahlia
0+150"
D:/Data/20220928_141514_Jl.-Dahlia-0+180.JPG,20220928_141514_Jl.-Dahlia-0+180.JPG,2022:09:28 14:15:14,"5 deg 32' 15.11"" N, 95 deg 19' 3.76"" E","Jl. Dahlia
0+180"
D:/Data/20220928_142220_Jl.-Dahlia-1-0+000.JPG,20220928_142220_Jl.-Dahlia-1-0+000.JPG,2022:09:28 14:22:20,"5 deg 32' 15.53"" N, 95 deg 19' 1.64"" E","Jl. Dahlia 1
0+000"
D:/Data/20220928_142245_Jl.-Dahlia-1-0+050.JPG,20220928_142245_Jl.-Dahlia-1-0+050.JPG,2022:09:28 14:22:45,"5 deg 32' 15.34"" N, 95 deg 19' 2.69"" E","Jl. Dahlia 1
0+050"
D:/Data/20220928_142311_Jl.-Dahlia-1-0+100.JPG,20220928_142311_Jl.-Dahlia-1-0+100.JPG,2022:09:28 14:23:11,"5 deg 32' 15.58"" N, 95 deg 19' 4.55"" E","Jl. Dahlia 1
0+100"
D:/Data/20220928_142328_Jl.-Dahlia-1-0+150.JPG,20220928_142328_Jl.-Dahlia-1-0+150.JPG,2022:09:28 14:23:28,"5 deg 32' 15.78"" N, 95 deg 19' 5.27"" E","Jl. Dahlia 1
0+150"
D:/Data/20220928_142406_Jl.-Dahlia-1-0+200.JPG,20220928_142406_Jl.-Dahlia-1-0+200.JPG,2022:09:28 14:24:06,"5 deg 32' 17.54"" N, 95 deg 19' 4.80"" E","Jl. Dahlia 1
0+200"
D:/Data/20220928_142537_Jl.-Dahlia-1-0+250.JPG,20220928_142537_Jl.-Dahlia-1-0+250.JPG,2022:09:28 14:25:37,"5 deg 32' 18.05"" N, 95 deg 19' 5.38"" E","Jl. Dahlia 1
0+250"
D:/Data/20220928_142609_Jl.-Dahlia-1-0+300.JPG,20220928_142609_Jl.-Dahlia-1-0+300.JPG,2022:09:28 14:26:09,"5 deg 32' 17.35"" N, 95 deg 19' 7.22"" E","Jl. Dahlia 1
0+300"
D:/Data/20220928_142742_Jl.-Tuang-di-ladang-0+000.JPG,20220928_142742_Jl.-Tuang-di-ladang-0+000.JPG,2022:09:28 14:27:42,"5 deg 32' 17.50"" N, 95 deg 19' 9.11"" E","Jl. Tuang di ladang
0+000"
D:/Data/20220928_142811_Jl.-Tuang-di-ladang-0+050.JPG,20220928_142811_Jl.-Tuang-di-ladang-0+050.JPG,2022:09:28 14:28:11,"5 deg 32' 18.98"" N, 95 deg 19' 8.87"" E","Jl. Tuang di ladang
0+050"
D:/Data/20220928_142839_Jl.-Tuang-di-ladang-0+100.JPG,20220928_142839_Jl.-Tuang-di-ladang-0+100.JPG,2022:09:28 14:28:39,"5 deg 32' 19.69"" N, 95 deg 19' 7.91"" E","Jl. Tuang di ladang
0+100"
D:/Data/20220928_142914_Jl.-Tuang-di-ladang-0+150.JPG,20220928_142914_Jl.-Tuang-di-ladang-0+150.JPG,2022:09:28 14:29:14,"5 deg 32' 19.82"" N, 95 deg 19' 6.04"" E","Jl. Tuang di ladang
0+150"
D:/Data/20220928_143047_Jl.-Tuang-di-ladang-0+180.JPG,20220928_143047_Jl.-Tuang-di-ladang-0+180.JPG,2022:09:28 14:30:47,"5 deg 32' 21.31"" N, 95 deg 19' 5.98"" E","Jl. Tuang di ladang
0+180"
D:/Data/20220928_143327_Jl.-Bakti-0+000.JPG,20220928_143327_Jl.-Bakti-0+000.JPG,2022:09:28 14:33:27,"5 deg 32' 23.60"" N, 95 deg 19' 12.30"" E","Jl. Bakti
0+000"
D:/Data/20220928_143400_Jl.-Bakti-0+050.JPG,20220928_143400_Jl.-Bakti-0+050.JPG,2022:09:28 14:34:00,"5 deg 32' 23.28"" N, 95 deg 19' 10.93"" E","Jl. Bakti
0+050"
D:/Data/20220928_143418_Jl.-Bakti-0+100.JPG,20220928_143418_Jl.-Bakti-0+100.JPG,2022:09:28 14:34:18,"5 deg 32' 23.54"" N, 95 deg 19' 9.20"" E","Jl. Bakti
0+100"
D:/Data/20220928_143446_Jl.-Bakti-0+150.JPG,20220928_143446_Jl.-Bakti-0+150.JPG,2022:09:28 14:34:46,"5 deg 32' 24.29"" N, 95 deg 19' 7.96"" E","Jl. Bakti
0+150"
D:/Data/20220928_143510_Jl.-Bakti-0+200.JPG,20220928_143510_Jl.-Bakti-0+200.JPG,2022:09:28 14:35:10,"5 deg 32' 23.86"" N, 95 deg 19' 6.59"" E","Jl. Bakti
0+200"
D:/Data/20220928_143539_Jl.-Bakti-0+250.JPG,20220928_143539_Jl.-Bakti-0+250.JPG,2022:09:28 14:35:39,"5 deg 32' 23.57"" N, 95 deg 19' 4.45"" E","Jl. Bakti
0+250"
D:/Data/20220928_143602_Jl.-Bakti-0+300.JPG,20220928_143602_Jl.-Bakti-0+300.JPG,2022:09:28 14:36:02,"5 deg 32' 23.70"" N, 95 deg 19' 3.40"" E","Jl. Bakti
0+300"
D:/Data/20220928_143629_Jl.-Bakti-0+350.JPG,20220928_143629_Jl.-Bakti-0+350.JPG,2022:09:28 14:36:29,"5 deg 32' 23.04"" N, 95 deg 19' 2.74"" E","Jl. Bakti
0+350"
D:/Data/20220928_143731_Jl.-Bakti-0+450.JPG,20220928_143731_Jl.-Bakti-0+450.JPG,2022:09:28 14:37:31,"5 deg 32' 21.46"" N, 95 deg 18' 59.39"" E","Jl. Bakti
0+450"
D:/Data/20220928_143900_Jl.-Bakti-0+500.JPG,20220928_143900_Jl.-Bakti-0+500.JPG,2022:09:28 14:39:00,"5 deg 32' 21.27"" N, 95 deg 18' 58.51"" E","Jl. Bakti
0+500"
D:/Data/20220928_143929_Jl.-Bakti-0+555.JPG,20220928_143929_Jl.-Bakti-0+555.JPG,2022:09:28 14:39:29,"5 deg 32' 21.32"" N, 95 deg 18' 56.65"" E","Jl. Bakti
0+555"
D:/Data/20220928_144213_Jl.-Rambung-0+000.JPG,20220928_144213_Jl.-Rambung-0+000.JPG,2022:09:28 14:42:13,"5 deg 32' 21.31"" N, 95 deg 18' 58.35"" E","Jl. Rambung
0+000"
D:/Data/20220928_145340_Jl.-Rambung-0+050.JPG,20220928_145340_Jl.-Rambung-0+050.JPG,2022:09:28 14:53:40,"5 deg 32' 19.98"" N, 95 deg 18' 58.73"" E","Jl. Rambung
0+050"
D:/Data/20220928_145400_Jl.-Rambung-0+100.JPG,20220928_145400_Jl.-Rambung-0+100.JPG,2022:09:28 14:54:00,"5 deg 32' 19.81"" N, 95 deg 19' 0.63"" E","Jl. Rambung
0+100"
D:/Data/20220928_145418_Jl.-Rambung-0+150.JPG,20220928_145418_Jl.-Rambung-0+150.JPG,2022:09:28 14:54:18,"5 deg 32' 19.85"" N, 95 deg 19' 1.67"" E","Jl. Rambung
0+150"
D:/Data/20220928_145441_Jl.-Rambung-0+200.JPG,20220928_145441_Jl.-Rambung-0+200.JPG,2022:09:28 14:54:41,"5 deg 32' 20.43"" N, 95 deg 19' 3.07"" E","Jl. Rambung
0+200"
D:/Data/20220928_145513_Jl.-Rambung-0+250.JPG,20220928_145513_Jl.-Rambung-0+250.JPG,2022:09:28 14:55:13,"5 deg 32' 20.99"" N, 95 deg 19' 4.80"" E","Jl. Rambung
0+250"
D:/Data/20220928_145533_Jl.-Rambung-0+300.JPG,20220928_145533_Jl.-Rambung-0+300.JPG,2022:09:28 14:55:33,"5 deg 32' 21.47"" N, 95 deg 19' 6.15"" E","Jl. Rambung
0+300"
D:/Data/20220928_145604_Jl.-Rambung-0+350.JPG,20220928_145604_Jl.-Rambung-0+350.JPG,2022:09:28 14:56:04,"5 deg 32' 22.39"" N, 95 deg 19' 7.16"" E","Jl. Rambung
0+350"
D:/Data/20220928_145627_Jl.-Rambung-0+390.JPG,20220928_145627_Jl.-Rambung-0+390.JPG,2022:09:28 14:56:27,"5 deg 32' 23.57"" N, 95 deg 19' 7.16"" E","Jl. Rambung
0+390"
D:/Data/20220928_145819_Jl.-H-keuchik-Man-0+000.JPG,20220928_145819_Jl.-H-keuchik-Man-0+000.JPG,2022:09:28 14:58:19,"5 deg 32' 24.06"" N, 95 deg 19' 7.19"" E","Jl. H keuchik Man
0+000"
D:/Data/20220928_145910_Jl.-H-keuchik-Man-0+050.JPG,20220928_145910_Jl.-H-keuchik-Man-0+050.JPG,2022:09:28 14:59:10,"5 deg 32' 25.27"" N, 95 deg 19' 7.03"" E","Jl. H keuchik Man
0+050"
D:/Data/20220928_145941_Jl.-H-keuchik-Man-0+100.JPG,20220928_145941_Jl.-H-keuchik-Man-0+100.JPG,2022:09:28 14:59:41,"5 deg 32' 25.80"" N, 95 deg 19' 5.24"" E","Jl. H keuchik Man
0+100"
D:/Data/20220928_150003_Jl.-H-keuchik-Man-0+150.JPG,20220928_150003_Jl.-H-keuchik-Man-0+150.JPG,2022:09:28 15:00:03,"5 deg 32' 25.85"" N, 95 deg 19' 3.73"" E","Jl. H keuchik Man
0+150"
D:/Data/20220928_150025_Jl.-H-keuchik-Man-0+200.JPG,20220928_150025_Jl.-H-keuchik-Man-0+200.JPG,2022:09:28 15:00:25,"5 deg 32' 26.69"" N, 95 deg 19' 3.13"" E","Jl. H keuchik Man
0+200"
D:/Data/20220928_150056_Jl.-H-keuchik-Man-0+250.JPG,20220928_150056_Jl.-H-keuchik-Man-0+250.JPG,2022:09:28 15:00:56,"5 deg 32' 26.86"" N, 95 deg 19' 1.84"" E","Jl. H keuchik Man
0+250"
D:/Data/20220928_150121_Jl.-H-keuchik-Man-0+300.JPG,20220928_150121_Jl.-H-keuchik-Man-0+300.JPG,2022:09:28 15:01:21,"5 deg 32' 26.23"" N, 95 deg 18' 59.61"" E","Jl. H keuchik Man
0+300"
D:/Data/20220928_150147_Jl.-H-keuchik-Man-0+370.JPG,20220928_150147_Jl.-H-keuchik-Man-0+370.JPG,2022:09:28 15:01:47,"5 deg 32' 26.56"" N, 95 deg 18' 58.27"" E","Jl. H keuchik Man
0+370"
D:/Data/20220928_150351_Jl.-Lingkar-barat-0+000.JPG,20220928_150351_Jl.-Lingkar-barat-0+000.JPG,2022:09:28 15:03:51,"5 deg 32' 19.71"" N, 95 deg 18' 58.46"" E","Jl. Lingkar barat
0+000"
D:/Data/20220928_150414_Jl.-Lingkar-barat-0+050.JPG,20220928_150414_Jl.-Lingkar-barat-0+050.JPG,2022:09:28 15:04:14,"5 deg 32' 18.65"" N, 95 deg 18' 58.18"" E","Jl. Lingkar barat
0+050"
D:/Data/20220928_150443_Jl.-Lingkar-barat-0+100.JPG,20220928_150443_Jl.-Lingkar-barat-0+100.JPG,2022:09:28 15:04:43,"5 deg 32' 17.23"" N, 95 deg 18' 58.21"" E","Jl. Lingkar barat
0+100"
D:/Data/20220928_150506_Jl.-Lingkar-barat-0+150.JPG,20220928_150506_Jl.-Lingkar-barat-0+150.JPG,2022:09:28 15:05:06,"5 deg 32' 15.35"" N, 95 deg 18' 57.80"" E","Jl. Lingkar barat
0+150"
D:/Data/20220928_150537_Jl.-Lingkar-barat-0+200.JPG,20220928_150537_Jl.-Lingkar-barat-0+200.JPG,2022:09:28 15:05:37,"5 deg 32' 14.62"" N, 95 deg 18' 59.09"" E","Jl. Lingkar barat
0+200"
D:/Data/20220928_150549_Jl.-Lingkar-barat-0+250.JPG,20220928_150549_Jl.-Lingkar-barat-0+250.JPG,2022:09:28 15:05:49,"5 deg 32' 15.22"" N, 95 deg 18' 59.99"" E","Jl. Lingkar barat
0+250"
D:/Data/20220928_150607_Jl.-Lingkar-barat-0+300.JPG,20220928_150607_Jl.-Lingkar-barat-0+300.JPG,2022:09:28 15:06:07,"5 deg 32' 15.63"" N, 95 deg 19' 1.37"" E","Jl. Lingkar barat
0+300"
D:/Data/20220928_153050_Jl.-Bak-lingge-0+000.JPG,20220928_153050_Jl.-Bak-lingge-0+000.JPG,2022:09:28 15:30:50,"5 deg 32' 11.41"" N, 95 deg 19' 17.74"" E","Jl. Bak lingge
0+000"
D:/Data/20220928_153138_Jl.-Bak-lingge-0+050.JPG,20220928_153138_Jl.-Bak-lingge-0+050.JPG,2022:09:28 15:31:38,"5 deg 32' 11.24"" N, 95 deg 19' 19.25"" E","Jl. Bak lingge
0+050"
D:/Data/20220928_153207_Jl.-Bak-lingge-0+100.JPG,20220928_153207_Jl.-Bak-lingge-0+100.JPG,2022:09:28 15:32:07,"5 deg 32' 11.42"" N, 95 deg 19' 20.60"" E","Jl. Bak lingge
0+100"
D:/Data/20220928_153241_Jl.-Bak-lingge-0+150.JPG,20220928_153241_Jl.-Bak-lingge-0+150.JPG,2022:09:28 15:32:41,"5 deg 32' 12.26"" N, 95 deg 19' 21.67"" E","Jl. Bak lingge
0+150"
D:/Data/20220928_153313_Jl.-Bak-lingge-0+200.JPG,20220928_153313_Jl.-Bak-lingge-0+200.JPG,2022:09:28 15:33:13,"5 deg 32' 12.54"" N, 95 deg 19' 23.40"" E","Jl. Bak lingge
0+200"
D:/Data/20220928_153341_Jl.-Bak-lingge-0+265.JPG,20220928_153341_Jl.-Bak-lingge-0+265.JPG,2022:09:28 15:33:41,"5 deg 32' 12.58"" N, 95 deg 19' 25.27"" E","Jl. Bak lingge
0+265"
D:/Data/20220928_153835_Jl.-Bak-lingge-0+300.JPG,20220928_153835_Jl.-Bak-lingge-0+300.JPG,2022:09:28 15:38:35,"5 deg 32' 12.51"" N, 95 deg 19' 26.72"" E","Jl. Bak lingge
0+300"
D:/Data/20220928_153853_Jl.-Bak-lingge-0+330.JPG,20220928_153853_Jl.-Bak-lingge-0+330.JPG,2022:09:28 15:38:53,"5 deg 32' 12.45"" N, 95 deg 19' 27.41"" E","Jl. Bak lingge
0+330"
D:/Data/20220928_154402_Jl.-Nusa-Indah-0+000.JPG,20220928_154402_Jl.-Nusa-Indah-0+000.JPG,2022:09:28 15:44:02,"5 deg 32' 6.35"" N, 95 deg 19' 17.14"" E","Jl. Nusa Indah
0+000"
D:/Data/20220928_154427_Jl.-Nusa-Indah-0+050.JPG,20220928_154427_Jl.-Nusa-Indah-0+050.JPG,2022:09:28 15:44:27,"5 deg 32' 5.08"" N, 95 deg 19' 16.91"" E","Jl. Nusa Indah
0+050"
D:/Data/20220928_154458_Jl.-Nusa-Indah-0+120.JPG,20220928_154458_Jl.-Nusa-Indah-0+120.JPG,2022:09:28 15:44:58,"5 deg 32' 4.77"" N, 95 deg 19' 14.99"" E","Jl. Nusa Indah
0+120"
D:/Data/20220928_154633_Jl.-Kupula-0+000.JPG,20220928_154633_Jl.-Kupula-0+000.JPG,2022:09:28 15:46:33,"5 deg 32' 5.96"" N, 95 deg 19' 14.25"" E","Jl. Kupula
0+000"
D:/Data/20220928_154729_Jl.-Kupula-0+050.JPG,20220928_154729_Jl.-Kupula-0+050.JPG,2022:09:28 15:47:29,"5 deg 32' 4.76"" N, 95 deg 19' 14.58"" E","Jl. Kupula
0+050"
D:/Data/20220928_154801_Jl.-Kupula-0+100.JPG,20220928_154801_Jl.-Kupula-0+100.JPG,2022:09:28 15:48:01,"5 deg 32' 2.87"" N, 95 deg 19' 15.16"" E","Jl. Kupula
0+100"
D:/Data/20220928_154826_Jl.-Kupula-0+150.JPG,20220928_154826_Jl.-Kupula-0+150.JPG,2022:09:28 15:48:26,"5 deg 32' 1.54"" N, 95 deg 19' 15.59"" E","Jl. Kupula
0+150"
D:/Data/20220928_154846_Jl.-Kupula-0+200.JPG,20220928_154846_Jl.-Kupula-0+200.JPG,2022:09:28 15:48:46,"5 deg 32' 0.16"" N, 95 deg 19' 15.95"" E","Jl. Kupula
0+200"
D:/Data/20220928_154909_Jl.-Kupula-0+250.JPG,20220928_154909_Jl.-Kupula-0+250.JPG,2022:09:28 15:49:09,"5 deg 31' 58.40"" N, 95 deg 19' 16.31"" E","Jl. Kupula
0+250"
D:/Data/20220928_154946_Jl.-Kupula-0+325.JPG,20220928_154946_Jl.-Kupula-0+325.JPG,2022:09:28 15:49:46,"5 deg 31' 56.11"" N, 95 deg 19' 16.58"" E","Jl. Kupula
0+325"
D:/Data/20220928_155727_Jl.-Sehat-0+000.JPG,20220928_155727_Jl.-Sehat-0+000.JPG,2022:09:28 15:57:27,"5 deg 32' 46.18"" N, 95 deg 19' 21.25"" E","Jl. Sehat
0+000"
D:/Data/20220928_155748_Jl.-Sehat-0+050.JPG,20220928_155748_Jl.-Sehat-0+050.JPG,2022:09:28 15:57:48,"5 deg 32' 46.73"" N, 95 deg 19' 21.01"" E","Jl. Sehat
0+050"
D:/Data/20220928_155811_Jl.-Sehat-0+100.JPG,20220928_155811_Jl.-Sehat-0+100.JPG,2022:09:28 15:58:11,"5 deg 32' 49.16"" N, 95 deg 19' 21.06"" E","Jl. Sehat
0+100"
D:/Data/20220928_155835_Jl.-Sehat-0+125.JPG,20220928_155835_Jl.-Sehat-0+125.JPG,2022:09:28 15:58:35,"5 deg 32' 49.92"" N, 95 deg 19' 21.25"" E","Jl. Sehat
0+125"
D:/Data/20220928_160359_Jl.-Meutia-0+000.JPG,20220928_160359_Jl.-Meutia-0+000.JPG,2022:09:28 16:03:59,"5 deg 33' 1.21"" N, 95 deg 19' 27.13"" E","Jl. Meutia
0+000"
D:/Data/20220928_160420_Jl.-Meutia-0+050.JPG,20220928_160420_Jl.-Meutia-0+050.JPG,2022:09:28 16:04:20,"5 deg 33' 1.06"" N, 95 deg 19' 26.26"" E","Jl. Meutia
0+050"
D:/Data/20220928_160445_Jl.-Meutia-0+100.JPG,20220928_160445_Jl.-Meutia-0+100.JPG,2022:09:28 16:04:45,"5 deg 33' 1.11"" N, 95 deg 19' 24.74"" E","Jl. Meutia
0+100"
D:/Data/20220928_162152_Jl.-Flamboyan-merduati-0+000.JPG,20220928_162152_Jl.-Flamboyan-merduati-0+000.JPG,2022:09:28 16:21:52,"5 deg 33' 39.10"" N, 95 deg 18' 36.76"" E","Jl. Flamboyan merduati
0+000"
D:/Data/20220928_162214_Jl.-Flamboyan-merduati-0+050.JPG,20220928_162214_Jl.-Flamboyan-merduati-0+050.JPG,2022:09:28 16:22:14,"5 deg 33' 39.19"" N, 95 deg 18' 35.36"" E","Jl. Flamboyan merduati
0+050"
D:/Data/20220928_162234_Jl.-Flamboyan-merduati-0+100.JPG,20220928_162234_Jl.-Flamboyan-merduati-0+100.JPG,2022:09:28 16:22:34,"5 deg 33' 39.25"" N, 95 deg 18' 33.58"" E","Jl. Flamboyan merduati
0+100"
D:/Data/20221011_101213_Jl.-Keramik-0+000.JPG,20221011_101213_Jl.-Keramik-0+000.JPG,2022:10:11 10:12:13,"5 deg 32' 35.86"" N, 95 deg 19' 20.81"" E","Jl. Keramik
0+000"
D:/Data/20221011_101241_Jl.-Keramik-0+050.JPG,20221011_101241_Jl.-Keramik-0+050.JPG,2022:10:11 10:12:41,"5 deg 32' 34.44"" N, 95 deg 19' 20.79"" E","Jl. Keramik
0+050"
D:/Data/20221011_101310_Jl.-Keramik-0+100.JPG,20221011_101310_Jl.-Keramik-0+100.JPG,2022:10:11 10:13:10,"5 deg 32' 33.05"" N, 95 deg 19' 21.25"" E","Jl. Keramik
0+100"
D:/Data/20221011_101336_Jl.-Keramik-0+150.JPG,20221011_101336_Jl.-Keramik-0+150.JPG,2022:10:11 10:13:36,"5 deg 32' 31.36"" N, 95 deg 19' 22.00"" E","Jl. Keramik
0+150"
D:/Data/20221011_101400_Jl.-Keramik-0+200.JPG,20221011_101400_Jl.-Keramik-0+200.JPG,2022:10:11 10:14:00,"5 deg 32' 29.56"" N, 95 deg 19' 22.22"" E","Jl. Keramik
0+200"
D:/Data/20221011_101449_Jl.-Keramik-0+250.JPG,20221011_101449_Jl.-Keramik-0+250.JPG,2022:10:11 10:14:49,"5 deg 32' 28.06"" N, 95 deg 19' 22.74"" E","Jl. Keramik
0+250"
D:/Data/20221011_101520_Jl.-Keramik-0+295.JPG,20221011_101520_Jl.-Keramik-0+295.JPG,2022:10:11 10:15:20,"5 deg 32' 26.68"" N, 95 deg 19' 22.43"" E","Jl. Keramik
0+295"
D:/Data/20221011_102342_Jl.-Keramik-l-0+000.JPG,20221011_102342_Jl.-Keramik-l-0+000.JPG,2022:10:11 10:23:42,"5 deg 32' 30.92"" N, 95 deg 19' 21.89"" E","Jl. Keramik l
0+000"
D:/Data/20221011_102429_Jl.-Keramik-l-0+050.JPG,20221011_102429_Jl.-Keramik-l-0+050.JPG,2022:10:11 10:24:29,"5 deg 32' 31.34"" N, 95 deg 19' 23.42"" E","Jl. Keramik l
0+050"
D:/Data/20221011_102455_Jl.-Keramik-l-0+100.JPG,20221011_102455_Jl.-Keramik-l-0+100.JPG,2022:10:11 10:24:55,"5 deg 32' 31.54"" N, 95 deg 19' 24.85"" E","Jl. Keramik l
0+100"
D:/Data/20221011_102525_Jl.-Keramik-l-0+150.JPG,20221011_102525_Jl.-Keramik-l-0+150.JPG,2022:10:11 10:25:25,"5 deg 32' 31.52"" N, 95 deg 19' 26.00"" E","Jl. Keramik l
0+150"
D:/Data/20221011_102553_Jl.-Keramik-l-0+180.JPG,20221011_102553_Jl.-Keramik-l-0+180.JPG,2022:10:11 10:25:53,"5 deg 32' 31.56"" N, 95 deg 19' 27.46"" E","Jl. Keramik l
0+180"
D:/Data/20221011_102623_Jl.-Tuan-digaca-0+000.JPG,20221011_102623_Jl.-Tuan-digaca-0+000.JPG,2022:10:11 10:26:23,"5 deg 32' 31.57"" N, 95 deg 19' 27.82"" E","Jl. Tuan digaca
0+000"
D:/Data/20221011_102657_Jl.-Tuan-digaca-0+050.JPG,20221011_102657_Jl.-Tuan-digaca-0+050.JPG,2022:10:11 10:26:57,"5 deg 32' 31.60"" N, 95 deg 19' 28.94"" E","Jl. Tuan digaca
0+050"
D:/Data/20221011_102742_Jl.-Tuan-digaca-0+100.JPG,20221011_102742_Jl.-Tuan-digaca-0+100.JPG,2022:10:11 10:27:42,"5 deg 32' 31.62"" N, 95 deg 19' 30.43"" E","Jl. Tuan digaca
0+100"
D:/Data/20221011_102802_Jl.-Tuan-digaca-0+150.JPG,20221011_102802_Jl.-Tuan-digaca-0+150.JPG,2022:10:11 10:28:02,"5 deg 32' 31.72"" N, 95 deg 19' 32.38"" E","Jl. Tuan digaca
0+150"
D:/Data/20221011_102823_Jl.-Tuan-digaca-0+200.JPG,20221011_102823_Jl.-Tuan-digaca-0+200.JPG,2022:10:11 10:28:23,"5 deg 32' 31.99"" N, 95 deg 19' 33.92"" E","Jl. Tuan digaca
0+200"
D:/Data/20221011_102848_Jl.-Tuan-digaca-0+245.JPG,20221011_102848_Jl.-Tuan-digaca-0+245.JPG,2022:10:11 10:28:48,"5 deg 32' 32.18"" N, 95 deg 19' 35.23"" E","Jl. Tuan digaca
0+245"
D:/Data/20221011_103102_Jl.-Amrin-0+000.JPG,20221011_103102_Jl.-Amrin-0+000.JPG,2022:10:11 10:31:02,"5 deg 32' 37.12"" N, 95 deg 19' 35.10"" E","Jl. Amrin
0+000"
D:/Data/20221011_103133_Jl.-Amrin-0+050.JPG,20221011_103133_Jl.-Amrin-0+050.JPG,2022:10:11 10:31:33,"5 deg 32' 38.59"" N, 95 deg 19' 35.21"" E","Jl. Amrin
0+050"
D:/Data/20221011_103247_Jl.-Amrin-0+100.JPG,20221011_103247_Jl.-Amrin-0+100.JPG,2022:10:11 10:32:47,"5 deg 32' 40.27"" N, 95 deg 19' 35.18"" E","Jl. Amrin
0+100"
D:/Data/20221011_103319_Jl.-Amrin-0+150.JPG,20221011_103319_Jl.-Amrin-0+150.JPG,2022:10:11 10:33:19,"5 deg 32' 42.40"" N, 95 deg 19' 35.26"" E","Jl. Amrin
0+150"
D:/Data/20221011_103348_Jl.-Amrin-0+200.JPG,20221011_103348_Jl.-Amrin-0+200.JPG,2022:10:11 10:33:48,"5 deg 32' 43.82"" N, 95 deg 19' 35.32"" E","Jl. Amrin
0+200"
D:/Data/20221011_103408_Jl.-Amrin-0+250.JPG,20221011_103408_Jl.-Amrin-0+250.JPG,2022:10:11 10:34:08,"5 deg 32' 44.90"" N, 95 deg 19' 35.43"" E","Jl. Amrin
0+250"
D:/Data/20221011_103634_Jl.-Langgar-0+000.JPG,20221011_103634_Jl.-Langgar-0+000.JPG,2022:10:11 10:36:34,"5 deg 32' 45.23"" N, 95 deg 19' 30.68"" E","Jl. Langgar
0+000"
D:/Data/20221011_103742_Jl.-Langgar-0+050.JPG,20221011_103742_Jl.-Langgar-0+050.JPG,2022:10:11 10:37:42,"5 deg 32' 44.18"" N, 95 deg 19' 30.65"" E","Jl. Langgar
0+050"
D:/Data/20221011_103803_Jl.-Langgar-0+100.JPG,20221011_103803_Jl.-Langgar-0+100.JPG,2022:10:11 10:38:03,"5 deg 32' 42.28"" N, 95 deg 19' 30.56"" E","Jl. Langgar
0+100"
D:/Data/20221011_103825_Jl.-Langgar-0+150.JPG,20221011_103825_Jl.-Langgar-0+150.JPG,2022:10:11 10:38:25,"5 deg 32' 40.79"" N, 95 deg 19' 30.46"" E","Jl. Langgar
0+150"
D:/Data/20221011_103851_Jl.-Langgar-0+200.JPG,20221011_103851_Jl.-Langgar-0+200.JPG,2022:10:11 10:38:51,"5 deg 32' 38.63"" N, 95 deg 19' 30.73"" E","Jl. Langgar
0+200"
D:/Data/20221011_103903_Jl.-Langgar-0+225.JPG,20221011_103903_Jl.-Langgar-0+225.JPG,2022:10:11 10:39:03,"5 deg 32' 38.26"" N, 95 deg 19' 30.79"" E","Jl. Langgar
0+225"
D:/Data/20221011_104131_Jl.-Merdeka-ll-0+000.JPG,20221011_104131_Jl.-Merdeka-ll-0+000.JPG,2022:10:11 10:41:31,"5 deg 32' 41.59"" N, 95 deg 19' 25.32"" E","Jl. Merdeka ll
0+000"
D:/Data/20221011_104150_Jl.-Merdeka-ll-0+050.JPG,20221011_104150_Jl.-Merdeka-ll-0+050.JPG,2022:10:11 10:41:50,"5 deg 32' 41.62"" N, 95 deg 19' 26.53"" E","Jl. Merdeka ll
0+050"
D:/Data/20221011_104220_Jl.-Merdeka-ll-0+100.JPG,20221011_104220_Jl.-Merdeka-ll-0+100.JPG,2022:10:11 10:42:20,"5 deg 32' 41.75"" N, 95 deg 19' 28.34"" E","Jl. Merdeka ll
0+100"
D:/Data/20221011_104248_Jl.-Merdeka-ll-0+160.JPG,20221011_104248_Jl.-Merdeka-ll-0+160.JPG,2022:10:11 10:42:48,"5 deg 32' 41.77"" N, 95 deg 19' 30.26"" E","Jl. Merdeka ll
0+160"
D:/Data/20221011_104633_Jl.-Merdeka-l-0+000.JPG,20221011_104633_Jl.-Merdeka-l-0+000.JPG,2022:10:11 10:46:33,"5 deg 32' 44.36"" N, 95 deg 19' 25.37"" E","Jl. Merdeka l
0+000"
D:/Data/20221011_104701_Jl.-Merdeka-l-0+050.JPG,20221011_104701_Jl.-Merdeka-l-0+050.JPG,2022:10:11 10:47:01,"5 deg 32' 44.21"" N, 95 deg 19' 27.22"" E","Jl. Merdeka l
0+050"
D:/Data/20221011_104725_Jl.-Merdeka-l-0+100.JPG,20221011_104725_Jl.-Merdeka-l-0+100.JPG,2022:10:11 10:47:25,"5 deg 32' 44.29"" N, 95 deg 19' 28.31"" E","Jl. Merdeka l
0+100"
D:/Data/20221011_104749_Jl.-Merdeka-l-0+150.JPG,20221011_104749_Jl.-Merdeka-l-0+150.JPG,2022:10:11 10:47:49,"5 deg 32' 44.51"" N, 95 deg 19' 30.16"" E","Jl. Merdeka l
0+150"
D:/Data/20221011_104808_Jl.-Merdeka-l-0+165.JPG,20221011_104808_Jl.-Merdeka-l-0+165.JPG,2022:10:11 10:48:08,"5 deg 32' 44.57"" N, 95 deg 19' 30.49"" E","Jl. Merdeka l
0+165"
D:/Data/20221011_105152_Jl.-Elang-0+000.JPG,20221011_105152_Jl.-Elang-0+000.JPG,2022:10:11 10:51:52,"5 deg 32' 45.56"" N, 95 deg 19' 25.54"" E","Jl. Elang
0+000"
D:/Data/20221011_105220_Jl.-Elang-0+100.JPG,20221011_105220_Jl.-Elang-0+100.JPG,2022:10:11 10:52:20,"5 deg 32' 45.60"" N, 95 deg 19' 29.58"" E","Jl. Elang
0+100"
D:/Data/20221011_105239_Jl.-Elang-0+200.JPG,20221011_105239_Jl.-Elang-0+200.JPG,2022:10:11 10:52:39,"5 deg 32' 45.47"" N, 95 deg 19' 32.82"" E","Jl. Elang
0+200"
D:/Data/20221011_105258_Jl.-Elang-0+300.JPG,20221011_105258_Jl.-Elang-0+300.JPG,2022:10:11 10:52:58,"5 deg 32' 45.21"" N, 95 deg 19' 35.81"" E","Jl. Elang
0+300"
D:/Data/20221011_105321_Jl.-Elang-0+400.JPG,20221011_105321_Jl.-Elang-0+400.JPG,2022:10:11 10:53:21,"5 deg 32' 45.08"" N, 95 deg 19' 38.89"" E","Jl. Elang
0+400"
D:/Data/20221011_105344_Jl.-Elang-0+500.JPG,20221011_105344_Jl.-Elang-0+500.JPG,2022:10:11 10:53:44,"5 deg 32' 44.78"" N, 95 deg 19' 41.20"" E","Jl. Elang
0+500"
D:/Data/20221011_105438_Jl.-Elang-0+580.JPG,20221011_105438_Jl.-Elang-0+580.JPG,2022:10:11 10:54:38,"5 deg 32' 42.52"" N, 95 deg 19' 43.28"" E","Jl. Elang
0+580"
D:/Data/20221011_110250_Jl.-Langgar-0+000.JPG,20221011_110250_Jl.-Langgar-0+000.JPG,2022:10:11 11:02:50,"5 deg 32' 35.71"" N, 95 deg 19' 19.50"" E","Jl. Langgar
0+000"
D:/Data/20221011_110345_Jl.-Langgar-0+050.JPG,20221011_110345_Jl.-Langgar-0+050.JPG,2022:10:11 11:03:45,"5 deg 32' 34.32"" N, 95 deg 19' 19.66"" E","Jl. Langgar
0+050"
D:/Data/20221011_110404_Jl.-Langgar-0+100.JPG,20221011_110404_Jl.-Langgar-0+100.JPG,2022:10:11 11:04:04,"5 deg 32' 32.86"" N, 95 deg 19' 20.05"" E","Jl. Langgar
0+100"
D:/Data/20221011_110424_Jl.-Langgar-0+150.JPG,20221011_110424_Jl.-Langgar-0+150.JPG,2022:10:11 11:04:24,"5 deg 32' 31.07"" N, 95 deg 19' 19.72"" E","Jl. Langgar
0+150"
D:/Data/20221011_110448_Jl.-Langgar-0+200.JPG,20221011_110448_Jl.-Langgar-0+200.JPG,2022:10:11 11:04:48,"5 deg 32' 29.86"" N, 95 deg 19' 20.02"" E","Jl. Langgar
0+200"
D:/Data/20221011_110531_Jl.-Langgar-0+250.JPG,20221011_110531_Jl.-Langgar-0+250.JPG,2022:10:11 11:05:31,"5 deg 32' 28.74"" N, 95 deg 19' 19.58"" E","Jl. Langgar
0+250"
D:/Data/20221011_110556_Jl.-Langgar-0+300.JPG,20221011_110556_Jl.-Langgar-0+300.JPG,2022:10:11 11:05:56,"5 deg 32' 27.84"" N, 95 deg 19' 18.43"" E","Jl. Langgar
0+300"
D:/Data/20221011_110616_Jl.-Langgar-0+350.JPG,20221011_110616_Jl.-Langgar-0+350.JPG,2022:10:11 11:06:16,"5 deg 32' 27.55"" N, 95 deg 19' 16.53"" E","Jl. Langgar
0+350"
D:/Data/20221011_110635_Jl.-Langgar-0+400.JPG,20221011_110635_Jl.-Langgar-0+400.JPG,2022:10:11 11:06:35,"5 deg 32' 27.34"" N, 95 deg 19' 15.05"" E","Jl. Langgar
0+400"
D:/Data/20221011_110654_Jl.-Langgar-0+450.JPG,20221011_110654_Jl.-Langgar-0+450.JPG,2022:10:11 11:06:54,"5 deg 32' 26.89"" N, 95 deg 19' 13.37"" E","Jl. Langgar
0+450"
D:/Data/20221011_110713_Jl.-Langgar-0+475.JPG,20221011_110713_Jl.-Langgar-0+475.JPG,2022:10:11 11:07:13,"5 deg 32' 26.93"" N, 95 deg 19' 12.96"" E","Jl. Langgar
0+475"
D:/Data/20221011_110815_Jl.-Balai-desa-0+000.JPG,20221011_110815_Jl.-Balai-desa-0+000.JPG,2022:10:11 11:08:15,"5 deg 32' 23.77"" N, 95 deg 19' 12.52"" E","Jl. Balai desa
0+000"
D:/Data/20221011_110838_Jl.-Balai-desa-0+050.JPG,20221011_110838_Jl.-Balai-desa-0+050.JPG,2022:10:11 11:08:38,"5 deg 32' 24.13"" N, 95 deg 19' 14.11"" E","Jl. Balai desa
0+050"
D:/Data/20221011_110856_Jl.-Balai-desa-0+100.JPG,20221011_110856_Jl.-Balai-desa-0+100.JPG,2022:10:11 11:08:56,"5 deg 32' 24.53"" N, 95 deg 19' 15.52"" E","Jl. Balai desa
0+100"
D:/Data/20221011_110918_Jl.-Balai-desa-0+150.JPG,20221011_110918_Jl.-Balai-desa-0+150.JPG,2022:10:11 11:09:18,"5 deg 32' 24.91"" N, 95 deg 19' 16.61"" E","Jl. Balai desa
0+150"
D:/Data/20221011_110946_Jl.-Balai-desa-0+200.JPG,20221011_110946_Jl.-Balai-desa-0+200.JPG,2022:10:11 11:09:46,"5 deg 32' 25.64"" N, 95 deg 19' 18.26"" E","Jl. Balai desa
0+200"
D:/Data/20221011_111013_Jl.-Balai-desa-0+250.JPG,20221011_111013_Jl.-Balai-desa-0+250.JPG,2022:10:11 11:10:13,"5 deg 32' 26.05"" N, 95 deg 19' 20.02"" E","Jl. Balai desa
0+250"
D:/Data/20221011_111041_Jl.-Balai-desa-0+300.JPG,20221011_111041_Jl.-Balai-desa-0+300.JPG,2022:10:11 11:10:41,"5 deg 32' 27.25"" N, 95 deg 19' 20.57"" E","Jl. Balai desa
0+300"
D:/Data/20221011_111102_Jl.-Balai-desa-0+350.JPG,20221011_111102_Jl.-Balai-desa-0+350.JPG,2022:10:11 11:11:02,"5 deg 32' 28.43"" N, 95 deg 19' 20.29"" E","Jl. Balai desa
0+350"
D:/Data/20221011_111354_Jl.-Tandi-0+000.JPG,20221011_111354_Jl.-Tandi-0+000.JPG,2022:10:11 11:13:54,"5 deg 32' 35.95"" N, 95 deg 19' 16.75"" E","Jl. Tandi
0+000"
D:/Data/20221011_111436_Jl.-Tandi-0+100.JPG,20221011_111436_Jl.-Tandi-0+100.JPG,2022:10:11 11:14:36,"5 deg 32' 33.19"" N, 95 deg 19' 14.96"" E","Jl. Tandi
0+100"
D:/Data/20221011_111518_Jl.-Tandi-0+200.JPG,20221011_111518_Jl.-Tandi-0+200.JPG,2022:10:11 11:15:18,"5 deg 32' 30.25"" N, 95 deg 19' 13.34"" E","Jl. Tandi
0+200"
D:/Data/20221011_111554_Jl.-Tandi-0+300.JPG,20221011_111554_Jl.-Tandi-0+300.JPG,2022:10:11 11:15:54,"5 deg 32' 27.32"" N, 95 deg 19' 12.66"" E","Jl. Tandi
0+300"
D:/Data/20221011_111631_Jl.-Tandi-0+400.JPG,20221011_111631_Jl.-Tandi-0+400.JPG,2022:10:11 11:16:31,"5 deg 32' 24.35"" N, 95 deg 19' 12.19"" E","Jl. Tandi
0+400"
D:/Data/20221011_111702_Jl.-Tandi-0+500.JPG,20221011_111702_Jl.-Tandi-0+500.JPG,2022:10:11 11:17:02,"5 deg 32' 21.68"" N, 95 deg 19' 13.62"" E","Jl. Tandi
0+500"
D:/Data/20221011_111726_Jl.-Tandi-0+600.JPG,20221011_111726_Jl.-Tandi-0+600.JPG,2022:10:11 11:17:26,"5 deg 32' 18.58"" N, 95 deg 19' 15.49"" E","Jl. Tandi
0+600"
D:/Data/20221011_111756_Jl.-Tandi-0+700.JPG,20221011_111756_Jl.-Tandi-0+700.JPG,2022:10:11 11:17:56,"5 deg 32' 15.77"" N, 95 deg 19' 16.06"" E","Jl. Tandi
0+700"
D:/Data/20221011_111822_Jl.-Tandi-0+800.JPG,20221011_111822_Jl.-Tandi-0+800.JPG,2022:10:11 11:18:22,"5 deg 32' 12.88"" N, 95 deg 19' 17.08"" E","Jl. Tandi
0+800"
D:/Data/20221011_111850_Jl.-Tandi-0+900.JPG,20221011_111850_Jl.-Tandi-0+900.JPG,2022:10:11 11:18:50,"5 deg 32' 8.97"" N, 95 deg 19' 17.63"" E","Jl. Tandi
0+900"
D:/Data/20221011_111909_Jl.-Tandi-1+000.JPG,20221011_111909_Jl.-Tandi-1+000.JPG,2022:10:11 11:19:09,"5 deg 32' 7.03"" N, 95 deg 19' 18.98"" E","Jl. Tandi
1+000"
D:/Data/20221011_111934_Jl.-Tandi-1+100.JPG,20221011_111934_Jl.-Tandi-1+100.JPG,2022:10:11 11:19:34,"5 deg 32' 3.62"" N, 95 deg 19' 20.54"" E","Jl. Tandi
1+100"
D:/Data/20221011_112005_Jl.-Tandi-1+200.JPG,20221011_112005_Jl.-Tandi-1+200.JPG,2022:10:11 11:20:05,"5 deg 32' 2.49"" N, 95 deg 19' 22.36"" E","Jl. Tandi
1+200"
D:/Data/20221011_112039_Jl.-Tandi-1+300.JPG,20221011_112039_Jl.-Tandi-1+300.JPG,2022:10:11 11:20:39,"5 deg 32' 0.43"" N, 95 deg 19' 24.58"" E","Jl. Tandi
1+300"
D:/Data/20221011_112328_Jl.-Tandi-1+400.JPG,20221011_112328_Jl.-Tandi-1+400.JPG,2022:10:11 11:23:28,"5 deg 31' 57.11"" N, 95 deg 19' 25.27"" E","Jl. Tandi
1+400"
D:/Data/20221011_112435_Jl.-Tandi-1+500.JPG,20221011_112435_Jl.-Tandi-1+500.JPG,2022:10:11 11:24:35,"5 deg 31' 55.04"" N, 95 deg 19' 26.26"" E","Jl. Tandi
1+500"
D:/Data/20221011_112512_Jl.-Tandi-1+600.JPG,20221011_112512_Jl.-Tandi-1+600.JPG,2022:10:11 11:25:12,"5 deg 31' 53.61"" N, 95 deg 19' 28.86"" E","Jl. Tandi
1+600"
D:/Data/20221011_112530_Jl.-Tandi-1+635.JPG,20221011_112530_Jl.-Tandi-1+635.JPG,2022:10:11 11:25:30,"5 deg 31' 53.36"" N, 95 deg 19' 29.85"" E","Jl. Tandi
1+635"
D:/Data/20221011_115528_Jl.-Belakang-Bappeda-0+000.JPG,20221011_115528_Jl.-Belakang-Bappeda-0+000.JPG,2022:10:11 11:55:28,"5 deg 32' 45.17"" N, 95 deg 19' 10.43"" E","Jl. Belakang Bappeda
0+000"
D:/Data/20221011_115608_Jl.-Belakang-Bappeda-0+050.JPG,20221011_115608_Jl.-Belakang-Bappeda-0+050.JPG,2022:10:11 11:56:08,"5 deg 32' 42.86"" N, 95 deg 19' 9.80"" E","Jl. Belakang Bappeda
0+050"
D:/Data/20221011_115625_Jl.-Belakang-Bappeda-0+100.JPG,20221011_115625_Jl.-Belakang-Bappeda-0+100.JPG,2022:10:11 11:56:25,"5 deg 32' 42.89"" N, 95 deg 19' 9.44"" E","Jl. Belakang Bappeda
0+100"
D:/Data/20221011_115640_Jl.-Belakang-Bappeda-0+150.JPG,20221011_115640_Jl.-Belakang-Bappeda-0+150.JPG,2022:10:11 11:56:40,"5 deg 32' 42.74"" N, 95 deg 19' 7.52"" E","Jl. Belakang Bappeda
0+150"
D:/Data/20221011_115700_Jl.-Belakang-Bappeda-0+200.JPG,20221011_115700_Jl.-Belakang-Bappeda-0+200.JPG,2022:10:11 11:57:00,"5 deg 32' 42.83"" N, 95 deg 19' 6.12"" E","Jl. Belakang Bappeda
0+200"
D:/Data/20221011_115730_Jl.-Belakang-Bappeda-0+255.JPG,20221011_115730_Jl.-Belakang-Bappeda-0+255.JPG,2022:10:11 11:57:30,"5 deg 32' 44.95"" N, 95 deg 19' 5.74"" E","Jl. Belakang Bappeda
0+255"
D:/Data/20221011_120407_Jl.-Merak-0+000.JPG,20221011_120407_Jl.-Merak-0+000.JPG,2022:10:11 12:04:07,"5 deg 32' 31.19"" N, 95 deg 18' 59.42"" E","Jl. Merak
0+000"
D:/Data/20221011_120443_Jl.-Merak-0+100.JPG,20221011_120443_Jl.-Merak-0+100.JPG,2022:10:11 12:04:43,"5 deg 32' 31.27"" N, 95 deg 19' 2.88"" E","Jl. Merak
0+100"
D:/Data/20221011_120517_Jl.-Merak-0+200.JPG,20221011_120517_Jl.-Merak-0+200.JPG,2022:10:11 12:05:17,"5 deg 32' 31.24"" N, 95 deg 19' 5.90"" E","Jl. Merak
0+200"
D:/Data/20221011_120548_Jl.-Merak-0+300.JPG,20221011_120548_Jl.-Merak-0+300.JPG,2022:10:11 12:05:48,"5 deg 32' 31.27"" N, 95 deg 19' 9.31"" E","Jl. Merak
0+300"
D:/Data/20221011_120633_Jl.-Merak-0+400.JPG,20221011_120633_Jl.-Merak-0+400.JPG,2022:10:11 12:06:33,"5 deg 32' 31.41"" N, 95 deg 19' 12.74"" E","Jl. Merak
0+400"
D:/Data/20221011_120648_Jl.-Merak-0+450.JPG,20221011_120648_Jl.-Merak-0+450.JPG,2022:10:11 12:06:48,"5 deg 32' 31.42"" N, 95 deg 19' 13.73"" E","Jl. Merak
0+450"
D:/Data/20221011_120947_Jl.-Sentosa-0+000.JPG,20221011_120947_Jl.-Sentosa-0+000.JPG,2022:10:11 12:09:47,"5 deg 32' 36.88"" N, 95 deg 18' 58.40"" E","Jl. Sentosa
0+000"
D:/Data/20221011_121011_Jl.-Sentosa-0+050.JPG,20221011_121011_Jl.-Sentosa-0+050.JPG,2022:10:11 12:10:11,"5 deg 32' 38.25"" N, 95 deg 18' 58.24"" E","Jl. Sentosa
0+050"
D:/Data/20221011_121027_Jl.-Sentosa-0+100.JPG,20221011_121027_Jl.-Sentosa-0+100.JPG,2022:10:11 12:10:27,"5 deg 32' 39.80"" N, 95 deg 18' 58.60"" E","Jl. Sentosa
0+100"
D:/Data/20221011_121043_Jl.-Sentosa-0+150.JPG,20221011_121043_Jl.-Sentosa-0+150.JPG,2022:10:11 12:10:43,"5 deg 32' 41.28"" N, 95 deg 18' 58.73"" E","Jl. Sentosa
0+150"
D:/Data/20221011_121342_Jl.-Mulia-l-0+000.JPG,20221011_121342_Jl.-Mulia-l-0+000.JPG,2022:10:11 12:13:42,"5 deg 32' 34.57"" N, 95 deg 18' 58.60"" E","Jl. Mulia l
0+000"
D:/Data/20221011_121405_Jl.-Mulia-l-0+050.JPG,20221011_121405_Jl.-Mulia-l-0+050.JPG,2022:10:11 12:14:05,"5 deg 32' 34.66"" N, 95 deg 18' 56.81"" E","Jl. Mulia l
0+050"
D:/Data/20221011_121430_Jl.-Mulia-l-0+100.JPG,20221011_121430_Jl.-Mulia-l-0+100.JPG,2022:10:11 12:14:30,"5 deg 32' 35.05"" N, 95 deg 18' 55.49"" E","Jl. Mulia l
0+100"
D:/Data/20221011_121511_Jl.-Mulia-l-0+150.JPG,20221011_121511_Jl.-Mulia-l-0+150.JPG,2022:10:11 12:15:11,"5 deg 32' 34.36"" N, 95 deg 18' 54.23"" E","Jl. Mulia l
0+150"
D:/Data/20221011_121552_Jl.-Mulia-l-0+200.JPG,20221011_121552_Jl.-Mulia-l-0+200.JPG,2022:10:11 12:15:52,"5 deg 32' 32.19"" N, 95 deg 18' 53.87"" E","Jl. Mulia l
0+200"
D:/Data/20221011_121626_Jl.-Mulia-l-0+270.JPG,20221011_121626_Jl.-Mulia-l-0+270.JPG,2022:10:11 12:16:26,"5 deg 32' 30.74"" N, 95 deg 18' 54.04"" E","Jl. Mulia l
0+270"
D:/Data/20221011_121939_Jl.-Bahagia-0+000.JPG,20221011_121939_Jl.-Bahagia-0+000.JPG,2022:10:11 12:19:39,"5 deg 32' 30.62"" N, 95 deg 18' 52.45"" E","Jl. Bahagia
0+000"
D:/Data/20221011_122006_Jl.-Bahagia-0+050.JPG,20221011_122006_Jl.-Bahagia-0+050.JPG,2022:10:11 12:20:06,"5 deg 32' 30.27"" N, 95 deg 18' 53.62"" E","Jl. Bahagia
0+050"
D:/Data/20221011_122032_Jl.-Bahagia-0+100.JPG,20221011_122032_Jl.-Bahagia-0+100.JPG,2022:10:11 12:20:32,"5 deg 32' 30.32"" N, 95 deg 18' 55.52"" E","Jl. Bahagia
0+100"
D:/Data/20221011_122052_Jl.-Bahagia-0+150.JPG,20221011_122052_Jl.-Bahagia-0+150.JPG,2022:10:11 12:20:52,"5 deg 32' 30.13"" N, 95 deg 18' 57.22"" E","Jl. Bahagia
0+150"
D:/Data/20221011_122120_Jl.-Bahagia-0+190.JPG,20221011_122120_Jl.-Bahagia-0+190.JPG,2022:10:11 12:21:20,"5 deg 32' 29.70"" N, 95 deg 18' 58.24"" E","Jl. Bahagia
0+190"
D:/Data/20221011_122244_Jl.-Mulia-ll-0+000.JPG,20221011_122244_Jl.-Mulia-ll-0+000.JPG,2022:10:11 12:22:44,"5 deg 32' 33.36"" N, 95 deg 18' 58.68"" E","Jl. Mulia ll
0+000"
D:/Data/20221011_122309_Jl.-Mulia-ll-0+050.JPG,20221011_122309_Jl.-Mulia-ll-0+050.JPG,2022:10:11 12:23:09,"5 deg 32' 33.13"" N, 95 deg 18' 56.89"" E","Jl. Mulia ll
0+050"
D:/Data/20221011_122329_Jl.-Mulia-ll-0+100.JPG,20221011_122329_Jl.-Mulia-ll-0+100.JPG,2022:10:11 12:23:29,"5 deg 32' 33.40"" N, 95 deg 18' 55.36"" E","Jl. Mulia ll
0+100"
D:/Data/20221011_122346_Jl.-Mulia-ll-0+130.JPG,20221011_122346_Jl.-Mulia-ll-0+130.JPG,2022:10:11 12:23:46,"5 deg 32' 33.54"" N, 95 deg 18' 54.59"" E","Jl. Mulia ll
0+130"
D:/Data/20221011_122821_Jl.-Manunggal-0+000.JPG,20221011_122821_Jl.-Manunggal-0+000.JPG,2022:10:11 12:28:21,"5 deg 32' 34.55"" N, 95 deg 18' 58.90"" E","Jl. Manunggal
0+000"
D:/Data/20221011_122844_Jl.-Manunggal-0+050.JPG,20221011_122844_Jl.-Manunggal-0+050.JPG,2022:10:11 12:28:44,"5 deg 32' 34.33"" N, 95 deg 19' 0.05"" E","Jl. Manunggal
0+050"
D:/Data/20221011_122903_Jl.-Manunggal-0+100.JPG,20221011_122903_Jl.-Manunggal-0+100.JPG,2022:10:11 12:29:03,"5 deg 32' 34.13"" N, 95 deg 19' 1.18"" E","Jl. Manunggal
0+100"
D:/Data/20221011_122924_Jl.-Manunggal-0+150.JPG,20221011_122924_Jl.-Manunggal-0+150.JPG,2022:10:11 12:29:24,"5 deg 32' 34.03"" N, 95 deg 19' 3.10"" E","Jl. Manunggal
0+150"
D:/Data/20221011_122948_Jl.-Manunggal-0+200.JPG,20221011_122948_Jl.-Manunggal-0+200.JPG,2022:10:11 12:29:48,"5 deg 32' 33.91"" N, 95 deg 19' 5.27"" E","Jl. Manunggal
0+200"
D:/Data/20221011_123004_Jl.-Manunggal-0+250.JPG,20221011_123004_Jl.-Manunggal-0+250.JPG,2022:10:11 12:30:04,"5 deg 32' 33.80"" N, 95 deg 19' 6.95"" E","Jl. Manunggal
0+250"
D:/Data/20221011_123021_Jl.-Manunggal-0+300.JPG,20221011_123021_Jl.-Manunggal-0+300.JPG,2022:10:11 12:30:21,"5 deg 32' 33.67"" N, 95 deg 19' 8.87"" E","Jl. Manunggal
0+300"
D:/Data/20221011_123034_Jl.-Manunggal-0+350.JPG,20221011_123034_Jl.-Manunggal-0+350.JPG,2022:10:11 12:30:34,"5 deg 32' 33.63"" N, 95 deg 19' 9.97"" E","Jl. Manunggal
0+350"
D:/Data/20221011_123100_Jl.-Manunggal-0+400.JPG,20221011_123100_Jl.-Manunggal-0+400.JPG,2022:10:11 12:31:00,"5 deg 32' 33.58"" N, 95 deg 19' 11.06"" E","Jl. Manunggal
0+400"
D:/Data/20221011_123144_Jl.-Manunggal-0+465.JPG,20221011_123144_Jl.-Manunggal-0+465.JPG,2022:10:11 12:31:44,"5 deg 32' 31.56"" N, 95 deg 19' 11.23"" E","Jl. Manunggal
0+465"
D:/Data/20221011_123608_Jl.-Hasan-Saleh-0+000.JPG,20221011_123608_Jl.-Hasan-Saleh-0+000.JPG,2022:10:11 12:36:08,"5 deg 32' 36.90"" N, 95 deg 19' 1.26"" E","Jl. Hasan Saleh
0+000"
D:/Data/20221011_123643_Jl.-Hasan-Saleh-0+100.JPG,20221011_123643_Jl.-Hasan-Saleh-0+100.JPG,2022:10:11 12:36:43,"5 deg 32' 36.44"" N, 95 deg 18' 58.84"" E","Jl. Hasan Saleh
0+100"
D:/Data/20221011_123718_Jl.-Hasan-Saleh-0+200.JPG,20221011_123718_Jl.-Hasan-Saleh-0+200.JPG,2022:10:11 12:37:18,"5 deg 32' 32.11"" N, 95 deg 18' 59.42"" E","Jl. Hasan Saleh
0+200"
D:/Data/20221011_123740_Jl.-Hasan-Saleh-0+300.JPG,20221011_123740_Jl.-Hasan-Saleh-0+300.JPG,2022:10:11 12:37:40,"5 deg 32' 29.12"" N, 95 deg 18' 58.40"" E","Jl. Hasan Saleh
0+300"
D:/Data/20221011_123803_Jl.-Hasan-Saleh-0+400.JPG,20221011_123803_Jl.-Hasan-Saleh-0+400.JPG,2022:10:11 12:38:03,"5 deg 32' 26.53"" N, 95 deg 18' 57.58"" E","Jl. Hasan Saleh
0+400"
D:/Data/20221011_123829_Jl.-Hasan-Saleh-0+500.JPG,20221011_123829_Jl.-Hasan-Saleh-0+500.JPG,2022:10:11 12:38:29,"5 deg 32' 22.89"" N, 95 deg 18' 56.73"" E","Jl. Hasan Saleh
0+500"
D:/Data/20221011_123849_Jl.-Hasan-Saleh-0+600.JPG,20221011_123849_Jl.-Hasan-Saleh-0+600.JPG,2022:10:11 12:38:49,"5 deg 32' 19.66"" N, 95 deg 18' 55.96"" E","Jl. Hasan Saleh
0+600"
D:/Data/20221011_123912_Jl.-Hasan-Saleh-0+700.JPG,20221011_123912_Jl.-Hasan-Saleh-0+700.JPG,2022:10:11 12:39:12,"5 deg 32' 16.27"" N, 95 deg 18' 55.22"" E","Jl. Hasan Saleh
0+700"
D:/Data/20221011_123939_Jl.-Hasan-Saleh-0+775.JPG,20221011_123939_Jl.-Hasan-Saleh-0+775.JPG,2022:10:11 12:39:39,"5 deg 32' 14.71"" N, 95 deg 18' 54.72"" E","Jl. Hasan Saleh
0+775"
